David,Cook,dcook,Summer23
John,Morgan,jmorgan,Hello111
Gabriel,Bell,gbell,Marshmallow
Carter,Murphy,cmurphy,Harmony123
Julian,Bailey,jbailey,Adventure0
Isabella,Jones,ijones,Chocolate4
Sophia,Brown,sbrown,Rainbow567
Mia,Davis,mdavis,Elephant8
Amelia,Miller,amiller,Guitar999
Harper,Wilson,hwilson,Adventure7
Daniel,Kulis,dkulis,Hello321
